{
  "type": "xgboost_regressor",
  "version": "3.0",
  "features": [
    "zone_extreme_rate",
    "zone_avg_rainfall",
    "zone_rainfall_std",
    "zone_max_rainfall",
    "zone_avg_aqi",
    "zone_avg_temp",
    "zone_max_wind",
    "zone_monsoon_extreme_pct",
    "city_encoded",
    "city_base_aqi",
    "city_monsoon_rain",
    "city_has_cyclones",
    "platform_encoded",
    "plan_encoded",
    "avg_daily_earnings",
    "tenure_days",
    "claims_count",
    "claims_per_month",
    "fraud_flags",
    "worker_status_encoded",
    "payout_to_premium_ratio",
    "is_high_density_zone",
    "is_flood_prone",
    "earnings_vs_platform_avg",
    "weekly_premium"
  ],
  "n_features": 25,
  "n_samples_train": 12750,
  "n_samples_test": 2250,
  "best_params": {
    "n_estimators": 500,
    "max_depth": 5,
    "learning_rate": 0.05,
    "min_child_weight": 5
  },
  "metrics": {
    "mae": 0.049015555530786514,
    "rmse": 0.061631038784980774,
    "r2": 0.810682964094893,
    "cv_rmse_mean": 0.062224939465522766,
    "cv_rmse_std": 0.0008959079302301144
  },
  "feature_importance_gain": {
    "zone_extreme_rate": 0.03277198225259781,
    "zone_avg_rainfall": 0.012204602360725403,
    "zone_rainfall_std": 0.004531582817435265,
    "zone_max_rainfall": 0.02092084288597107,
    "zone_avg_aqi": 0.0024336748756468296,
    "zone_avg_temp": 0.010294458828866482,
    "zone_max_wind": 0.005191352684050798,
    "zone_monsoon_extreme_pct": 0.005083825439214706,
    "city_encoded": 0.08456685394048691,
    "city_base_aqi": 0.015731697902083397,
    "city_monsoon_rain": 0.009489960968494415,
    "city_has_cyclones": 0.0,
    "platform_encoded": 0.0011565906461328268,
    "plan_encoded": 0.0010329104261472821,
    "avg_daily_earnings": 0.0012240412179380655,
    "tenure_days": 0.0016617741202935576,
    "claims_count": 0.021086690947413445,
    "claims_per_month": 0.006723613478243351,
    "fraud_flags": 0.1500581055879593,
    "worker_status_encoded": 0.012157697230577469,
    "payout_to_premium_ratio": 0.00127441028598696,
    "is_high_density_zone": 0.0011554206721484661,
    "is_flood_prone": 0.5969085097312927,
    "earnings_vs_platform_avg": 0.0012268577702343464,
    "weekly_premium": 0.0011125084711238742
  },
  "feature_importance_shap": {
    "zone_extreme_rate": 0.027734946459531784,
    "zone_avg_rainfall": 0.0031759378034621477,
    "zone_rainfall_std": 0.0011784115340560675,
    "zone_max_rainfall": 0.007572214584797621,
    "zone_avg_aqi": 0.0014326751697808504,
    "zone_avg_temp": 0.0023962438572198153,
    "zone_max_wind": 0.0023124709259718657,
    "zone_monsoon_extreme_pct": 0.0011432926403358579,
    "city_encoded": 0.009755187667906284,
    "city_base_aqi": 0.00044426682870835066,
    "city_monsoon_rain": 0.00065182289108634,
    "city_has_cyclones": 0.0,
    "platform_encoded": 0.0005725018563680351,
    "plan_encoded": 0.0010568094439804554,
    "avg_daily_earnings": 0.0025637520011514425,
    "tenure_days": 0.005897692870348692,
    "claims_count": 0.024513408541679382,
    "claims_per_month": 0.018126854673027992,
    "fraud_flags": 0.03952997922897339,
    "worker_status_encoded": 0.0018337152432650328,
    "payout_to_premium_ratio": 0.0027830093167722225,
    "is_high_density_zone": 0.00022224498388823122,
    "is_flood_prone": 0.06437162309885025,
    "earnings_vs_platform_avg": 0.00235731084831059,
    "weekly_premium": 0.00030017568496987224
  },
  "trained_at": "2026-03-05T14:41:35"
}